{"step": 0, "epoch": 0, "checkpoint_time": "258.549", "_timestamp": 1676021650.942806, "_runtime": 264.5436999797821, "_step": 0, "_wandb": {"runtime": 263}}