{"step": 0, "epoch": 0, "checkpoint_time": "261.444", "_timestamp": 1676032641.946872, "_runtime": 267.6753120422363, "_step": 0, "_wandb": {"runtime": 266}}