{"step": 0, "epoch": 0, "checkpoint_time": "4.477", "_timestamp": 1676020883.780244, "_runtime": 9.819952011108398, "_step": 0, "_wandb": {"runtime": 8}}