{"train_moscow__train__Default__top1FDE__f_auc": 0.38198148719380426, "train_moscow__train__Default__top1FDE__f95": 0.3448275861783591, "train_moscow__train__Default__weightedFDE__f_auc": 0.3281479693325004, "train_moscow__train__Default__weightedFDE__f95": 0.2857142856897959, "train_moscow__train__Default__avgFDE__f_auc": 0.26925941781623464, "train_moscow__train__Default__avgFDE__f95": 0.15384615383195266, "train_moscow__train__Default__minFDE__f_auc": 0.510120904668766, "train_moscow__train__Default__minFDE__f95": 0.5882352940761245, "train_moscow__train__Default__top1ADE__f_auc": 0.5353533813011637, "train_moscow__train__Default__top1ADE__f95": 0.476190476154195, "train_moscow__train__Default__weightedADE__f_auc": 0.5292814563350975, "train_moscow__train__Default__weightedADE__f95": 0.45161290319084285, "train_moscow__train__Default__avgADE__f_auc": 0.5388831909598525, "train_moscow__train__Default__avgADE__f95": 0.42622950816318195, "train_moscow__train__Default__minADE__f_auc": 0.5870283760023574, "train_moscow__train__Default__minADE__f95": 0.6849315068042785, "train_moscow__train__Default__top1FDE__r_auc": 2.2070508778241336, "train_moscow__train__Default__weightedFDE__r_auc": 2.2141119717967275, "train_moscow__train__Default__avgFDE__r_auc": 2.188525672563735, "train_moscow__train__Default__minFDE__r_auc": 1.588474185370347, "train_moscow__train__Default__top1ADE__r_auc": 1.075464502561326, "train_moscow__train__Default__weightedADE__r_auc": 1.0756137025926042, "train_moscow__train__Default__avgADE__r_auc": 1.0608408545673478, "train_moscow__train__Default__minADE__r_auc": 0.7997473918412831, "train_moscow__train__Random__top1FDE__f_auc": 0.3018516281133874, "train_moscow__train__Random__top1FDE__f95": 0.3448275861783591, "train_moscow__train__Random__weightedFDE__f_auc": 0.30868593527764554, "train_moscow__train__Random__weightedFDE__f95": 0.2857142856897959, "train_moscow__train__Random__avgFDE__f_auc": 0.23504145712951757, "train_moscow__train__Random__avgFDE__f95": 0.15384615383195266, "train_moscow__train__Random__minFDE__f_auc": 0.4589855090517272, "train_moscow__train__Random__minFDE__f95": 0.5882352940761245, "train_moscow__train__Random__top1ADE__f_auc": 0.3442211055687136, "train_moscow__train__Random__top1ADE__f95": 0.476190476154195, "train_moscow__train__Random__weightedADE__f_auc": 0.3482755085482968, "train_moscow__train__Random__weightedADE__f95": 0.45161290319084285, "train_moscow__train__Random__avgADE__f_auc": 0.3610944466658155, "train_moscow__train__Random__avgADE__f95": 0.42622950816318195, "train_moscow__train__Random__minADE__f_auc": 0.5163276832344189, "train_moscow__train__Random__minADE__f95": 0.6849315068042785, "train_moscow__train__Random__top1FDE__r_auc": 2.789870616906852, "train_moscow__train__Random__weightedFDE__r_auc": 2.688213129473083, "train_moscow__train__Random__avgFDE__r_auc": 2.64524751594838, "train_moscow__train__Random__minFDE__r_auc": 1.9674051097941165, "train_moscow__train__Random__top1ADE__r_auc": 1.3394165676744545, "train_moscow__train__Random__weightedADE__r_auc": 1.3038250887583869, "train_moscow__train__Random__avgADE__r_auc": 1.283386206163057, "train_moscow__train__Random__minADE__r_auc": 0.9831635075639568, "train_moscow__train__Optimal__top1FDE__f_auc": 0.5509905957660927, "train_moscow__train__Optimal__top1FDE__f95": 0.3448275861783591, "train_moscow__train__Optimal__weightedFDE__f_auc": 0.500088803254877, "train_moscow__train__Optimal__weightedFDE__f95": 0.2857142856897959, "train_moscow__train__Optimal__avgFDE__f_auc": 0.3472612050097091, "train_moscow__train__Optimal__avgFDE__f95": 0.15384615383195266, "train_moscow__train__Optimal__minFDE__f_auc": 0.6794882193822105, "train_moscow__train__Optimal__minFDE__f95": 0.5882352940761245, "train_moscow__train__Optimal__top1ADE__f_auc": 0.635198789833303, "train_moscow__train__Optimal__top1ADE__f95": 0.476190476154195, "train_moscow__train__Optimal__weightedADE__f_auc": 0.6222031816337896, "train_moscow__train__Optimal__weightedADE__f95": 0.45161290319084285, "train_moscow__train__Optimal__avgADE__f_auc": 0.6074944446717174, "train_moscow__train__Optimal__avgADE__f95": 0.42622950816318195, "train_moscow__train__Optimal__minADE__f_auc": 0.6982710440567221, "train_moscow__train__Optimal__minADE__f95": 0.6849315068042785, "train_moscow__train__Optimal__top1FDE__r_auc": 1.519408022934644, "train_moscow__train__Optimal__weightedFDE__r_auc": 1.5134714018078703, "train_moscow__train__Optimal__avgFDE__r_auc": 1.5431157723982252, "train_moscow__train__Optimal__minFDE__r_auc": 0.9119231702175503, "train_moscow__train__Optimal__top1ADE__r_auc": 0.7714304679128177, "train_moscow__train__Optimal__weightedADE__r_auc": 0.769507979353269, "train_moscow__train__Optimal__avgADE__r_auc": 0.778442388601309, "train_moscow__train__Optimal__minADE__r_auc": 0.5181057566420778, "development_moscow__development__Default__top1FDE__f_auc": 0.6373797512492781, "development_moscow__development__Default__top1FDE__f95": 0.5683060108878139, "development_moscow__development__Default__weightedFDE__f_auc": 0.6432780252205339, "development_moscow__development__Default__weightedFDE__f95": 0.5683060108878139, "development_moscow__development__Default__avgFDE__f_auc": 0.6468039617538033, "development_moscow__development__Default__avgFDE__f95": 0.563535911561735, "development_moscow__development__Default__minFDE__f_auc": 0.6387526151252765, "development_moscow__development__Default__minFDE__f95": 0.656410256365812, "development_moscow__development__Default__top1ADE__f_auc": 0.6487344330441078, "development_moscow__development__Default__top1ADE__f95": 0.7499999999531249, "development_moscow__development__Default__weightedADE__f_auc": 0.6545998110159512, "development_moscow__development__Default__weightedADE__f95": 0.7254901960321991, "development_moscow__development__Default__avgADE__f_auc": 0.6629655774090061, "development_moscow__development__Default__avgADE__f95": 0.6999999999545, "development_moscow__development__Default__minADE__f_auc": 0.6287830740617324, "development_moscow__development__Default__minADE__f95": 0.8198198197712848, "development_moscow__development__Default__top1FDE__r_auc": 1.132856168717443, "development_moscow__development__Default__weightedFDE__r_auc": 1.1360961404264935, "development_moscow__development__Default__avgFDE__r_auc": 1.1524257613804845, "development_moscow__development__Default__minFDE__r_auc": 0.9144022935252262, "development_moscow__development__Default__top1ADE__r_auc": 0.4893609579390401, "development_moscow__development__Default__weightedADE__r_auc": 0.4923808357517327, "development_moscow__development__Default__avgADE__r_auc": 0.5000624546012586, "development_moscow__development__Default__minADE__r_auc": 0.39533278074737527, "development_moscow__development__Random__top1FDE__f_auc": 0.3805844121017546, "development_moscow__development__Random__top1FDE__f95": 0.5573770491391801, "development_moscow__development__Random__weightedFDE__f_auc": 0.39013072173657515, "development_moscow__development__Random__weightedFDE__f95": 0.5573770491391801, "development_moscow__development__Random__avgFDE__f_auc": 0.37792164149293017, "development_moscow__development__Random__avgFDE__f95": 0.5414364640479228, "development_moscow__development__Random__minFDE__f_auc": 0.42478631884149837, "development_moscow__development__Random__minFDE__f95": 0.6461538461094017, "development_moscow__development__Random__top1ADE__f_auc": 0.4783173387274223, "development_moscow__development__Random__top1ADE__f95": 0.7115384614915865, "development_moscow__development__Random__weightedADE__f_auc": 0.47828248535377416, "development_moscow__development__Random__weightedADE__f95": 0.6960784313263167, "development_moscow__development__Random__avgADE__f_auc": 0.4688240168018246, "development_moscow__development__Random__avgADE__f95": 0.6699999999544999, "development_moscow__development__Random__minADE__f_auc": 0.5093402053207956,