{"step": 0, "epoch": 0, "checkpoint_time": "4.578", "_timestamp": 1676020592.243768, "_runtime": 9.761301040649414, "_step": 0, "_wandb": {"runtime": 8}}