{"step": 0, "epoch": 0, "checkpoint_time": "12.010", "_timestamp": 1675954851.9654176, "_runtime": 17.15971350669861, "_step": 0, "_wandb": {"runtime": 16}}