{"step": 0, "epoch": 0, "checkpoint_time": "12.176", "_timestamp": 1675968794.966648, "_runtime": 17.610702991485596, "_step": 0, "_wandb": {"runtime": 16}}