{"step": 0, "epoch": 0, "checkpoint_time": "2.273", "_timestamp": 1676021356.6488345, "_runtime": 7.320068359375, "_step": 0, "_wandb": {"runtime": 6}}