{"step": 0, "epoch": 0, "checkpoint_time": "259.460", "_timestamp": 1676033907.4506247, "_runtime": 265.51485681533813, "_step": 0, "_wandb": {"runtime": 264}}