{"step": 0, "epoch": 0, "checkpoint_time": "266.097", "_timestamp": 1676033261.489978, "_runtime": 272.3838310241699, "_step": 0, "_wandb": {"runtime": 271}}