{"step": 0, "epoch": 0, "checkpoint_time": "4.517", "_timestamp": 1676020953.9922109, "_runtime": 9.662406921386719, "_step": 0, "_wandb": {"runtime": 8}}