{"step": 0, "epoch": 0, "checkpoint_time": "261.332", "_timestamp": 1676035971.3134284, "_runtime": 267.30298042297363, "_step": 0, "_wandb": {"runtime": 266}}